Kristina,Chung,H,Kristina H. Chung,"Chung, Kristina H."
Paige,Chen,H,Paige H. Chen,"Chen, Paige H."
Sherri,Melton,E,Sherri E. Melton,"Melton, Sherri E."
Gretchen,Hill,I,Gretchen I. Hill,"Hill, Gretchen I."
Karen,Puckett,U,Karen U. Puckett,"Puckett, Karen U."
Patrick,Song,O,Patrick O. Song,"Song, Patrick O."
Elsie,Hamilton,A,Elsie A. Hamilton,"Hamilton, Elsie A."
Hazel,Bender,E,Hazel E. Bender,"Bender, Hazel E."
Malcolm,Wagner,A,Malcolm A. Wagner,"Wagner, Malcolm A."
Dolores,McLaughlin,C,Dolores C. McLaughlin,"McLaughlin, Dolores C."
Francis,McNamara,C,Francis C. McNamara,"McNamara, Francis C."
Sandy,Raynor,A,Sandy A. Raynor,"Raynor, Sandy A."
Marion,Moon,O,Marion O. Moon,"Moon, Marion O."
Beth,Woodard,O,Beth O. Woodard,"Woodard, Beth O."
Julia,Desai,E,Julia E. Desai,"Desai, Julia E."
Jerome,Wallace,A,Jerome A. Wallace,"Wallace, Jerome A."
Neal,Lawrence,A,Neal A. Lawrence,"Lawrence, Neal A."
Jean,Griffin,R,Jean R. Griffin,"Griffin, Jean R."
Kristine,Dougherty,O,Kristine O. Dougherty,"Dougherty, Kristine O."
Crystal,Powers,O,Crystal O. Powers,"Powers, Crystal O."
Alex,May,A,Alex A. May,"May, Alex A."
Eric,Steele,T,Eric T. Steele,"Steele, Eric T."
Wesley,Teague,E,Wesley E. Teague,"Teague, Wesley E."
Franklin,Vick,I,Franklin I. Vick,"Vick, Franklin I."
Claire,Gallagher,A,Claire A. Gallagher,"Gallagher, Claire A."
Marian,Solomon,O,Marian O. Solomon,"Solomon, Marian O."
Marcia,Walsh,A,Marcia A. Walsh,"Walsh, Marcia A."
Dwight,Monroe,O,Dwight O. Monroe,"Monroe, Dwight O."
Wayne,Connolly,O,Wayne O. Connolly,"Connolly, Wayne O."
Stephanie,Hawkins,A,Stephanie A. Hawkins,"Hawkins, Stephanie A."
Neal,Middleton,I,Neal I. Middleton,"Middleton, Neal I."
Gretchen,Goldstein,O,Gretchen O. Goldstein,"Goldstein, Gretchen O."
Tim,Watts,A,Tim A. Watts,"Watts, Tim A."
Jerome,Johnston,O,Jerome O. Johnston,"Johnston, Jerome O."
Shelley,Weeks,E,Shelley E. Weeks,"Weeks, Shelley E."
Priscilla,Wilkerson,I,Priscilla I. Wilkerson,"Wilkerson, Priscilla I."
Elsie,Barton,A,Elsie A. Barton,"Barton, Elsie A."
Beth,Walton,A,Beth A. Walton,"Walton, Beth A."
Erica,Hall,A,Erica A. Hall,"Hall, Erica A."
Douglas,Ross,O,Douglas O. Ross,"Ross, Douglas O."
Donald,Chung,H,Donald H. Chung,"Chung, Donald H."
Katherine,Bender,E,Katherine E. Bender,"Bender, Katherine E."
Paul,Woods,O,Paul O. Woods,"Woods, Paul O."
Patricia,Mangum,A,Patricia A. Mangum,"Mangum, Patricia A."
Lois,Joseph,O,Lois O. Joseph,"Joseph, Lois O."
Louis,Rosenthal,O,Louis O. Rosenthal,"Rosenthal, Louis O."
Christina,Bowden,O,Christina O. Bowden,"Bowden, Christina O."
Darlene,Barton,A,Darlene A. Barton,"Barton, Darlene A."
Harvey,Underwood,N,Harvey N. Underwood,"Underwood, Harvey N."
William,Jones,O,William O. Jones,"Jones, William O."
Frederick,Baker,A,Frederick A. Baker,"Baker, Frederick A."
Shirley,Merritt,E,Shirley E. Merritt,"Merritt, Shirley E."
Jason,Cross,R,Jason R. Cross,"Cross, Jason R."
Judith,Cooper,O,Judith O. Cooper,"Cooper, Judith O."
Gretchen,Holmes,O,Gretchen O. Holmes,"Holmes, Gretchen O."
Don,Sharpe,H,Don H. Sharpe,"Sharpe, Don H."
Glenda,Morgan,O,Glenda O. Morgan,"Morgan, Glenda O."
Scott,Hoyle,O,Scott O. Hoyle,"Hoyle, Scott O."
Pat,Allen,L,Pat L. Allen,"Allen, Pat L."
Michelle,Rich,I,Michelle I. Rich,"Rich, Michelle I."
Jessica,Rich,I,Jessica I. Rich,"Rich, Jessica I."
Evan,Grant,R,Evan R. Grant,"Grant, Evan R."
Melinda,Proctor,R,Melinda R. Proctor,"Proctor, Melinda R."
Calvin,Diaz,I,Calvin I. Diaz,"Diaz, Calvin I."
Eugene,Graham,R,Eugene R. Graham,"Graham, Eugene R."
Vickie,Watkins,A,Vickie A. Watkins,"Watkins, Vickie A."
Luis,Hinton,I,Luis I. Hinton,"Hinton, Luis I."
Allan,Marsh,A,Allan A. Marsh,"Marsh, Allan A."
Melanie,Hewitt,E,Melanie E. Hewitt,"Hewitt, Melanie E."
Marianne,Branch,R,Marianne R. Branch,"Branch, Marianne R."
Natalie,Walton,A,Natalie A. Walton,"Walton, Natalie A."
Caroline,O'Brien,',Caroline '. O'Brien,"O'Brien, Caroline '."
Arlene,Case,A,Arlene A. Case,"Case, Arlene A."
Kyle,Watts,A,Kyle A. Watts,"Watts, Kyle A."
Calvin,Christensen,H,Calvin H. Christensen,"Christensen, Calvin H."
Gary,Parks,A,Gary A. Parks,"Parks, Gary A."
Samantha,Hardin,A,Samantha A. Hardin,"Hardin, Samantha A."
Sara,Lucas,U,Sara U. Lucas,"Lucas, Sara U."
Stacy,Eason,A,Stacy A. Eason,"Eason, Stacy A."
Gladys,Davidson,A,Gladys A. Davidson,"Davidson, Gladys A."
Mike,Whitehead,H,Mike H. Whitehead,"Whitehead, Mike H."
Lynne,Rose,O,Lynne O. Rose,"Rose, Lynne O."
Faye,Sparks,P,Faye P. Sparks,"Sparks, Faye P."
Diana,Moore,O,Diana O. Moore,"Moore, Diana O."
Leon,Pearson,E,Leon E. Pearson,"Pearson, Leon E."
Ethel,Rodgers,O,Ethel O. Rodgers,"Rodgers, Ethel O."
Steve,Graves,R,Steve R. Graves,"Graves, Steve R."
Alison,Scarborough,C,Alison C. Scarborough,"Scarborough, Alison C."
Sherri,Sutton,U,Sherri U. Sutton,"Sutton, Sherri U."
Patsy,Sinclair,I,Patsy I. Sinclair,"Sinclair, Patsy I."
Kelly,Bowman,O,Kelly O. Bowman,"Bowman, Kelly O."
Stacy,Olsen,L,Stacy L. Olsen,"Olsen, Stacy L."
Curtis,Love,O,Curtis O. Love,"Love, Curtis O."
Dana,McLean,C,Dana C. McLean,"McLean, Dana C."
Jennifer,Christian,H,Jennifer H. Christian,"Christian, Jennifer H."
Brett,Lamb,A,Brett A. Lamb,"Lamb, Brett A."
Brandon,James,A,Brandon A. James,"James, Brandon A."
Keith,Chandler,H,Keith H. Chandler,"Chandler, Keith H."
Joann,Stout,T,Joann T. Stout,"Stout, Joann T."
Ronnie,Cowan,O,Ronnie O. Cowan,"Cowan, Ronnie O."
Scott,Golden,O,Scott O. Golden,"Golden, Scott O."
Gene,Bowling,O,Gene O. Bowling,"Bowling, Gene O."
Louise,Beasley,E,Louise E. Beasley,"Beasley, Louise E."
Geoffrey,Clapp,L,Geoffrey L. Clapp,"Clapp, Geoffrey L."
Patricia,Abrams,B,Patricia B. Abrams,"Abrams, Patricia B."
Jennifer,Tilley,I,Jennifer I. Tilley,"Tilley, Jennifer I."
Mary,Morse,O,Mary O. Morse,"Morse, Mary O."
Shawn,Boykin,O,Shawn O. Boykin,"Boykin, Shawn O."
Vincent,Sumner,U,Vincent U. Sumner,"Sumner, Vincent U."
Kurt,Cassidy,A,Kurt A. Cassidy,"Cassidy, Kurt A."
Danny,Davidson,A,Danny A. Davidson,"Davidson, Danny A."
Charlene,Heath,E,Charlene E. Heath,"Heath, Charlene E."
Alice,Blanchard,L,Alice L. Blanchard,"Blanchard, Alice L."
Joan,McAllister,C,Joan C. McAllister,"McAllister, Joan C."
Betty,McKenzie,C,Betty C. McKenzie,"McKenzie, Betty C."
Danny,Byrne,Y,Danny Y. Byrne,"Byrne, Danny Y."
Peggy,Schroeder,C,Peggy C. Schroeder,"Schroeder, Peggy C."
Leslie,Griffin,R,Leslie R. Griffin,"Griffin, Leslie R."
Marshall,Gross,R,Marshall R. Gross,"Gross, Marshall R."
Sara,Perkins,E,Sara E. Perkins,"Perkins, Sara E."
Martha,Robertson,O,Martha O. Robertson,"Robertson, Martha O."
Jack,Palmer,A,Jack A. Palmer,"Palmer, Jack A."
Gayle,Brady,R,Gayle R. Brady,"Brady, Gayle R."
Benjamin,Rowe,O,Benjamin O. Rowe,"Rowe, Benjamin O."
Roberta,Zhang,H,Roberta H. Zhang,"Zhang, Roberta H."
Patricia,Hodge,O,Patricia O. Hodge,"Hodge, Patricia O."
Clifford,Li,I,Clifford I. Li,"Li, Clifford I."
Joanne,Bowling,O,Joanne O. Bowling,"Bowling, Joanne O."
Martin,Justice,U,Martin U. Justice,"Justice, Martin U."
Toni,Glass,L,Toni L. Glass,"Glass, Toni L."
Beth,Willis,I,Beth I. Willis,"Willis, Beth I."
Jessica,Hester,E,Jessica E. Hester,"Hester, Jessica E."
Samantha,Floyd,L,Samantha L. Floyd,"Floyd, Samantha L."
Jimmy,Graves,R,Jimmy R. Graves,"Graves, Jimmy R."
Vincent,Fischer,I,Vincent I. Fischer,"Fischer, Vincent I."
Dianne,Norman,O,Dianne O. Norman,"Norman, Dianne O."
Rhonda,Chan,H,Rhonda H. Chan,"Chan, Rhonda H."
Tamara,Hunt,U,Tamara U. Hunt,"Hunt, Tamara U."
Mary,Byrd,Y,Mary Y. Byrd,"Byrd, Mary Y."
Sidney,Lane,A,Sidney A. Lane,"Lane, Sidney A."
Jeff,Kaplan,A,Jeff A. Kaplan,"Kaplan, Jeff A."
Sandra,Heller,E,Sandra E. Heller,"Heller, Sandra E."
Katie,May,A,Katie A. May,"May, Katie A."
Raymond,Jennings,E,Raymond E. Jennings,"Jennings, Raymond E."
Roger,Hanna,A,Roger A. Hanna,"Hanna, Roger A."
Natalie,Locklear,O,Natalie O. Locklear,"Locklear, Natalie O."
Kathy,Holloway,O,Kathy O. Holloway,"Holloway, Kathy O."
Troy,Jones,O,Troy O. Jones,"Jones, Troy O."
Neal,Glover,L,Neal L. Glover,"Glover, Neal L."
Martin,Vick,I,Martin I. Vick,"Vick, Martin I."
Jack,O'Donnell,',Jack '. O'Donnell,"O'Donnell, Jack '."
Vincent,Goldman,O,Vincent O. Goldman,"Goldman, Vincent O."
Beth,McKenna,C,Beth C. McKenna,"McKenna, Beth C."
Milton,Starr,T,Milton T. Starr,"Starr, Milton T."
Tamara,Stone,T,Tamara T. Stone,"Stone, Tamara T."
Mitchell,McClure,C,Mitchell C. McClure,"McClure, Mitchell C."
Franklin,Watson,A,Franklin A. Watson,"Watson, Franklin A."
Leroy,Monroe,O,Leroy O. Monroe,"Monroe, Leroy O."
Glen,Abbott,B,Glen B. Abbott,"Abbott, Glen B."
Judith,Singer,I,Judith I. Singer,"Singer, Judith I."
Alice,Hall,A,Alice A. Hall,"Hall, Alice A."
Bruce,Farrell,A,Bruce A. Farrell,"Farrell, Bruce A."
Kathleen,Lucas,U,Kathleen U. Lucas,"Lucas, Kathleen U."
Amy,Norman,O,Amy O. Norman,"Norman, Amy O."
Ronnie,Atkins,T,Ronnie T. Atkins,"Atkins, Ronnie T."
Martha,Monroe,O,Martha O. Monroe,"Monroe, Martha O."
Lynn,Robertson,O,Lynn O. Robertson,"Robertson, Lynn O."
Jose,Sykes,Y,Jose Y. Sykes,"Sykes, Jose Y."
Robert,Reid,E,Robert E. Reid,"Reid, Robert E."
Pauline,Chandler,H,Pauline H. Chandler,"Chandler, Pauline H."
Stephen,Finch,I,Stephen I. Finch,"Finch, Stephen I."
Peggy,Hobbs,O,Peggy O. Hobbs,"Hobbs, Peggy O."
Donna,Adkins,D,Donna D. Adkins,"Adkins, Donna D."
Doris,Kinney,I,Doris I. Kinney,"Kinney, Doris I."
Ben,Whitaker,H,Ben H. Whitaker,"Whitaker, Ben H."
Kristin,Alexander,L,Kristin L. Alexander,"Alexander, Kristin L."
Ryan,Conner,O,Ryan O. Conner,"Conner, Ryan O."
Tracey,Waters,A,Tracey A. Waters,"Waters, Tracey A."
Mark,Becker,E,Mark E. Becker,"Becker, Mark E."
Louis,Rollins,O,Louis O. Rollins,"Rollins, Louis O."
Janet,Love,O,Janet O. Love,"Love, Janet O."
Leo,Adkins,D,Leo D. Adkins,"Adkins, Leo D."
Constance,Black,L,Constance L. Black,"Black, Constance L."
Sarah,Fox,O,Sarah O. Fox,"Fox, Sarah O."
Gladys,Hatcher,A,Gladys A. Hatcher,"Hatcher, Gladys A."
Hazel,Wu,U,Hazel U. Wu,"Wu, Hazel U."
Hazel,Lloyd,L,Hazel L. Lloyd,"Lloyd, Hazel L."
Jerome,Joyce,O,Jerome O. Joyce,"Joyce, Jerome O."
Vincent,Welch,E,Vincent E. Welch,"Welch, Vincent E."
Kim,Matthews,A,Kim A. Matthews,"Matthews, Kim A."
Joseph,Chappell,H,Joseph H. Chappell,"Chappell, Joseph H."
Alison,MacDonald,A,Alison A. MacDonald,"MacDonald, Alison A."
Eric,Kane,A,Eric A. Kane,"Kane, Eric A."
Heather,Butler,U,Heather U. Butler,"Butler, Heather U."
Claire,Pickett,I,Claire I. Pickett,"Pickett, Claire I."
Michele,Bowman,O,Michele O. Bowman,"Bowman, Michele O."
Terry,Barton,A,Terry A. Barton,"Barton, Terry A."
Ken,Kennedy,E,Ken E. Kennedy,"Kennedy, Ken E."
Judy,Branch,R,Judy R. Branch,"Branch, Judy R."
Clyde,Thornton,H,Clyde H. Thornton,"Thornton, Clyde H."
Timothy,McNeill,C,Timothy C. McNeill,"McNeill, Timothy C."
Ted,Weinstein,E,Ted E. Weinstein,"Weinstein, Ted E."
Sandra,Middleton,I,Sandra I. Middleton,"Middleton, Sandra I."
Billie,Moss,O,Billie O. Moss,"Moss, Billie O."
Katharine,Lucas,U,Katharine U. Lucas,"Lucas, Katharine U."
Lester,Rich,I,Lester I. Rich,"Rich, Lester I."
Johnny,Carlton,A,Johnny A. Carlton,"Carlton, Johnny A."
Ashley,Brady,R,Ashley R. Brady,"Brady, Ashley R."
Lauren,Schultz,C,Lauren C. Schultz,"Schultz, Lauren C."
Carolyn,Nichols,I,Carolyn I. Nichols,"Nichols, Carolyn I."
Louis,Harvey,A,Louis A. Harvey,"Harvey, Louis A."
Charlene,Stevenson,T,Charlene T. Stevenson,"Stevenson, Charlene T."
Ashley,Houston,O,Ashley O. Houston,"Houston, Ashley O."
Sheryl,Dunn,U,Sheryl U. Dunn,"Dunn, Sheryl U."
Ben,West,E,Ben E. West,"West, Ben E."
Linda,O'Brien,',Linda '. O'Brien,"O'Brien, Linda '."
Sarah,Barr,A,Sarah A. Barr,"Barr, Sarah A."
Brett,Snyder,N,Brett N. Snyder,"Snyder, Brett N."
Dana,Cain,A,Dana A. Cain,"Cain, Dana A."
Rebecca,Heath,E,Rebecca E. Heath,"Heath, Rebecca E."
Glenda,Boswell,O,Glenda O. Boswell,"Boswell, Glenda O."
Glen,Olsen,L,Glen L. Olsen,"Olsen, Glen L."
Don,Pittman,I,Don I. Pittman,"Pittman, Don I."
Gregory,Weiner,E,Gregory E. Weiner,"Weiner, Gregory E."
Randy,Petersen,E,Randy E. Petersen,"Petersen, Randy E."
Geraldine,Davis,A,Geraldine A. Davis,"Davis, Geraldine A."
Edna,Coleman,O,Edna O. Coleman,"Coleman, Edna O."
Sidney,Terrell,E,Sidney E. Terrell,"Terrell, Sidney E."
Faye,Norman,O,Faye O. Norman,"Norman, Faye O."
Kathy,Burch,U,Kathy U. Burch,"Burch, Kathy U."
Marguerite,Weiner,E,Marguerite E. Weiner,"Weiner, Marguerite E."
Marvin,Parrott,A,Marvin A. Parrott,"Parrott, Marvin A."
Alex,Henry,E,Alex E. Henry,"Henry, Alex E."
Alexander,Gray,R,Alexander R. Gray,"Gray, Alexander R."
Marsha,Chang,H,Marsha H. Chang,"Chang, Marsha H."
Karl,McLean,C,Karl C. McLean,"McLean, Karl C."
Laura,Eason,A,Laura A. Eason,"Eason, Laura A."
Melinda,Weeks,E,Melinda E. Weeks,"Weeks, Melinda E."
Eva,Siegel,I,Eva I. Siegel,"Siegel, Eva I."
Robert,Puckett,U,Robert U. Puckett,"Puckett, Robert U."
Bill,Heath,E,Bill E. Heath,"Heath, Bill E."
Edna,Hoyle,O,Edna O. Hoyle,"Hoyle, Edna O."
Clifford,Garrett,A,Clifford A. Garrett,"Garrett, Clifford A."
Penny,Neal,E,Penny E. Neal,"Neal, Penny E."
Glenda,Baker,A,Glenda A. Baker,"Baker, Glenda A."
Arthur,Goldman,O,Arthur O. Goldman,"Goldman, Arthur O."
Wesley,Shaffer,H,Wesley H. Shaffer,"Shaffer, Wesley H."
Allison,Choi,H,Allison H. Choi,"Choi, Allison H."
Florence,Carver,A,Florence A. Carver,"Carver, Florence A."
Claire,Shelton,H,Claire H. Shelton,"Shelton, Claire H."
Jeremy,House,O,Jeremy O. House,"House, Jeremy O."
Christy,Lyons,Y,Christy Y. Lyons,"Lyons, Christy Y."
Wesley,Moser,O,Wesley O. Moser,"Moser, Wesley O."
Lucy,Dickinson,I,Lucy I. Dickinson,"Dickinson, Lucy I."
Susan,Abbott,B,Susan B. Abbott,"Abbott, Susan B."
Nancy,Hobbs,O,Nancy O. Hobbs,"Hobbs, Nancy O."
Monica,Dodson,O,Monica O. Dodson,"Dodson, Monica O."
Justin,Spencer,P,Justin P. Spencer,"Spencer, Justin P."
Margaret,Burgess,U,Margaret U. Burgess,"Burgess, Margaret U."
Philip,Liu,I,Philip I. Liu,"Liu, Philip I."
Miriam,Wong,O,Miriam O. Wong,"Wong, Miriam O."
Miriam,Blackburn,L,Miriam L. Blackburn,"Blackburn, Miriam L."
Christopher,McKay,C,Christopher C. McKay,"McKay, Christopher C."
Joanna,Middleton,I,Joanna I. Middleton,"Middleton, Joanna I."
Stacy,Frazier,R,Stacy R. Frazier,"Frazier, Stacy R."
Janice,Reid,E,Janice E. Reid,"Reid, Janice E."
Brian,Braswell,R,Brian R. Braswell,"Braswell, Brian R."
Juan,Steele,T,Juan T. Steele,"Steele, Juan T."
Leroy,Donovan,O,Leroy O. Donovan,"Donovan, Leroy O."
Tommy,Barrett,A,Tommy A. Barrett,"Barrett, Tommy A."
Alice,Nance,A,Alice A. Nance,"Nance, Alice A."
Adam,Washington,A,Adam A. Washington,"Washington, Adam A."
Larry,Rogers,O,Larry O. Rogers,"Rogers, Larry O."
Angela,McMahon,C,Angela C. McMahon,"McMahon, Angela C."
Lawrence,Miles,I,Lawrence I. Miles,"Miles, Lawrence I."
Glen,Kramer,R,Glen R. Kramer,"Kramer, Glen R."
Valerie,Jennings,E,Valerie E. Jennings,"Jennings, Valerie E."
Meredith,Bowles,O,Meredith O. Bowles,"Bowles, Meredith O."
Jan,Brown,R,Jan R. Brown,"Brown, Jan R."
Lillian,Bolton,O,Lillian O. Bolton,"Bolton, Lillian O."
Allen,Craven,R,Allen R. Craven,"Craven, Allen R."
Ashley,Hendrix,E,Ashley E. Hendrix,"Hendrix, Ashley E."
Ian,Nichols,I,Ian I. Nichols,"Nichols, Ian I."
Gina,Saunders,A,Gina A. Saunders,"Saunders, Gina A."
Donna,Lehman,E,Donna E. Lehman,"Lehman, Donna E."
Catherine,Sherrill,H,Catherine H. Sherrill,"Sherrill, Catherine H."
Lester,Cash,A,Lester A. Cash,"Cash, Lester A."
Jacob,Pittman,I,Jacob I. Pittman,"Pittman, Jacob I."
Nancy,Sullivan,U,Nancy U. Sullivan,"Sullivan, Nancy U."
Gail,Whitehead,H,Gail H. Whitehead,"Whitehead, Gail H."
Lloyd,Mack,A,Lloyd A. Mack,"Mack, Lloyd A."
Donna,Rice,I,Donna I. Rice,"Rice, Donna I."
Kay,Ayers,Y,Kay Y. Ayers,"Ayers, Kay Y."
Wendy,Cherry,H,Wendy H. Cherry,"Cherry, Wendy H."
Lucille,Richmond,I,Lucille I. Richmond,"Richmond, Lucille I."
Virginia,York,O,Virginia O. York,"York, Virginia O."
Bruce,Wiley,I,Bruce I. Wiley,"Wiley, Bruce I."
Marc,Harrington,A,Marc A. Harrington,"Harrington, Marc A."
Geoffrey,Reed,E,Geoffrey E. Reed,"Reed, Geoffrey E."
Tiffany,Nash,A,Tiffany A. Nash,"Nash, Tiffany A."
Todd,Wilkerson,I,Todd I. Wilkerson,"Wilkerson, Todd I."
Jill,Kent,E,Jill E. Kent,"Kent, Jill E."
Erin,Finch,I,Erin I. Finch,"Finch, Erin I."
Melinda,Starr,T,Melinda T. Starr,"Starr, Melinda T."
Julie,Holland,O,Julie O. Holland,"Holland, Julie O."
Stanley,Glover,L,Stanley L. Glover,"Glover, Stanley L."
Karen,Clements,L,Karen L. Clements,"Clements, Karen L."
Judy,Schultz,C,Judy C. Schultz,"Schultz, Judy C."
Raymond,Hawley,A,Raymond A. Hawley,"Hawley, Raymond A."
Julie,Skinner,K,Julie K. Skinner,"Skinner, Julie K."
Sue,Hamrick,A,Sue A. Hamrick,"Hamrick, Sue A."
Colleen,Winters,I,Colleen I. Winters,"Winters, Colleen I."
Judith,Dolan,O,Judith O. Dolan,"Dolan, Judith O."
Luis,Turner,U,Luis U. Turner,"Turner, Luis U."
Bradley,Beatty,E,Bradley E. Beatty,"Beatty, Bradley E."
Glenda,Douglas,O,Glenda O. Douglas,"Douglas, Glenda O."
Brent,Byrne,Y,Brent Y. Byrne,"Byrne, Brent Y."
Clyde,Hendricks,E,Clyde E. Hendricks,"Hendricks, Clyde E."
Sharon,Mayer,A,Sharon A. Mayer,"Mayer, Sharon A."
Mary,Cochran,O,Mary O. Cochran,"Cochran, Mary O."
Sue,Reilly,E,Sue E. Reilly,"Reilly, Sue E."
Geraldine,Jensen,E,Geraldine E. Jensen,"Jensen, Geraldine E."
Rita,Yates,A,Rita A. Yates,"Yates, Rita A."
Annie,Haynes,A,Annie A. Haynes,"Haynes, Annie A."
Ruth,Harmon,A,Ruth A. Harmon,"Harmon, Ruth A."
Michelle,Matthews,A,Michelle A. Matthews,"Matthews, Michelle A."
Heather,Dawson,A,Heather A. Dawson,"Dawson, Heather A."
Jane,Barefoot,A,Jane A. Barefoot,"Barefoot, Jane A."
Wallace,Kaplan,A,Wallace A. Kaplan,"Kaplan, Wallace A."
Kimberly,Gross,R,Kimberly R. Gross,"Gross, Kimberly R."
Jon,Richmond,I,Jon I. Richmond,"Richmond, Jon I."
Lee,Pope,O,Lee O. Pope,"Pope, Lee O."
Kenneth,Pickett,I,Kenneth I. Pickett,"Pickett, Kenneth I."
Keith,Schwartz,C,Keith C. Schwartz,"Schwartz, Keith C."
Jim,Singleton,I,Jim I. Singleton,"Singleton, Jim I."
Steven,Ballard,A,Steven A. Ballard,"Ballard, Steven A."
Pauline,Spivey,P,Pauline P. Spivey,"Spivey, Pauline P."
Marc,Denton,E,Marc E. Denton,"Denton, Marc E."
Kerry,Huff,U,Kerry U. Huff,"Huff, Kerry U."
Lynne,Mangum,A,Lynne A. Mangum,"Mangum, Lynne A."
Claude,Berger,E,Claude E. Berger,"Berger, Claude E."
Rose,McCall,C,Rose C. McCall,"McCall, Rose C."
Kathy,Pollard,O,Kathy O. Pollard,"Pollard, Kathy O."
Catherine,Garcia,A,Catherine A. Garcia,"Garcia, Catherine A."
Frances,Wagner,A,Frances A. Wagner,"Wagner, Frances A."
Diana,Crane,R,Diana R. Crane,"Crane, Diana R."
Leslie,Wolf,O,Leslie O. Wolf,"Wolf, Leslie O."
Marian,Crane,R,Marian R. Crane,"Crane, Marian R."
Russell,Dalton,A,Russell A. Dalton,"Dalton, Russell A."
Sheryl,Diaz,I,Sheryl I. Diaz,"Diaz, Sheryl I."
Lewis,Currin,U,Lewis U. Currin,"Currin, Lewis U."
Ernest,Stanton,T,Ernest T. Stanton,"Stanton, Ernest T."
Vivian,Carey,A,Vivian A. Carey,"Carey, Vivian A."
Harold,Li,I,Harold I. Li,"Li, Harold I."
Malcolm,Chan,H,Malcolm H. Chan,"Chan, Malcolm H."
Kay,Hess,E,Kay E. Hess,"Hess, Kay E."
Max,Robinson,O,Max O. Robinson,"Robinson, Max O."
Vicki,Mills,I,Vicki I. Mills,"Mills, Vicki I."
Leon,Bender,E,Leon E. Bender,"Bender, Leon E."
Alvin,McDonald,C,Alvin C. McDonald,"McDonald, Alvin C."
Jacob,Moore,O,Jacob O. Moore,"Moore, Jacob O."
Holly,Fox,O,Holly O. Fox,"Fox, Holly O."
Audrey,Lanier,A,Audrey A. Lanier,"Lanier, Audrey A."
Christina,Harris,A,Christina A. Harris,"Harris, Christina A."
Joseph,Underwood,N,Joseph N. Underwood,"Underwood, Joseph N."
Evelyn,Parsons,A,Evelyn A. Parsons,"Parsons, Evelyn A."
Nicholas,Vaughn,A,Nicholas A. Vaughn,"Vaughn, Nicholas A."
Ben,Banks,A,Ben A. Banks,"Banks, Ben A."
Dorothy,Sherrill,H,Dorothy H. Sherrill,"Sherrill, Dorothy H."
Theresa,Oakley,A,Theresa A. Oakley,"Oakley, Theresa A."
Harriet,Rubin,U,Harriet U. Rubin,"Rubin, Harriet U."
Barry,Maynard,A,Barry A. Maynard,"Maynard, Barry A."
Jerome,Hill,I,Jerome I. Hill,"Hill, Jerome I."
Jason,Livingston,I,Jason I. Livingston,"Livingston, Jason I."
Norman,Lam,A,Norman A. Lam,"Lam, Norman A."
Glen,Thompson,H,Glen H. Thompson,"Thompson, Glen H."
Ellen,Creech,R,Ellen R. Creech,"Creech, Ellen R."
Dianne,Dillon,I,Dianne I. Dillon,"Dillon, Dianne I."
Harry,Foster,O,Harry O. Foster,"Foster, Harry O."
Tim,Starr,T,Tim T. Starr,"Starr, Tim T."
Kent,Roy,O,Kent O. Roy,"Roy, Kent O."
Eddie,Barbour,A,Eddie A. Barbour,"Barbour, Eddie A."
Arnold,Burke,U,Arnold U. Burke,"Burke, Arnold U."
Melanie,Ritchie,I,Melanie I. Ritchie,"Ritchie, Melanie I."
Ronald,Odom,D,Ronald D. Odom,"Odom, Ronald D."
Gene,Pearce,E,Gene E. Pearce,"Pearce, Gene E."
Peter,Rosenberg,O,Peter O. Rosenberg,"Rosenberg, Peter O."
Jean,Garrett,A,Jean A. Garrett,"Garrett, Jean A."
Neal,O'Connor,',Neal '. O'Connor,"O'Connor, Neal '."
Tracy,Cates,A,Tracy A. Cates,"Cates, Tracy A."
Holly,McIntosh,C,Holly C. McIntosh,"McIntosh, Holly C."
Emma,Olson,L,Emma L. Olson,"Olson, Emma L."
Molly,Cox,O,Molly O. Cox,"Cox, Molly O."
Carlos,Erickson,R,Carlos R. Erickson,"Erickson, Carlos R."
Betsy,Chang,H,Betsy H. Chang,"Chang, Betsy H."
Andrew,Briggs,R,Andrew R. Briggs,"Briggs, Andrew R."
Bill,Klein,L,Bill L. Klein,"Klein, Bill L."
Eileen,Goldberg,O,Eileen O. Goldberg,"Goldberg, Eileen O."
Randall,Hinson,I,Randall I. Hinson,"Hinson, Randall I."
Kelly,Weiss,E,Kelly E. Weiss,"Weiss, Kelly E."
Elaine,Pritchard,R,Elaine R. Pritchard,"Pritchard, Elaine R."
Rhonda,Goldman,O,Rhonda O. Goldman,"Goldman, Rhonda O."
Leo,Lassiter,A,Leo A. Lassiter,"Lassiter, Leo A."
Clarence,Massey,A,Clarence A. Massey,"Massey, Clarence A."
Grace,Stark,T,Grace T. Stark,"Stark, Grace T."
Jordan,Dunlap,U,Jordan U. Dunlap,"Dunlap, Jordan U."
Glenda,Humphrey,U,Glenda U. Humphrey,"Humphrey, Glenda U."
Jacob,Singleton,I,Jacob I. Singleton,"Singleton, Jacob I."
Jordan,Horowitz,O,Jordan O. Horowitz,"Horowitz, Jordan O."
Dawn,Lutz,U,Dawn U. Lutz,"Lutz, Dawn U."
Joanna,Hoover,O,Joanna O. Hoover,"Hoover, Joanna O."
Sandra,Kang,A,Sandra A. Kang,"Kang, Sandra A."
Stephen,Melton,E,Stephen E. Melton,"Melton, Stephen E."
Jessica,Teague,E,Jessica E. Teague,"Teague, Jessica E."
Regina,Ellington,L,Regina L. Ellington,"Ellington, Regina L."
Paige,Cherry,H,Paige H. Cherry,"Cherry, Paige H."
Joyce,Jennings,E,Joyce E. Jennings,"Jennings, Joyce E."
Tamara,Creech,R,Tamara R. Creech,"Creech, Tamara R."
Toni,Lynn,Y,Toni Y. Lynn,"Lynn, Toni Y."
Betty,Albright,L,Betty L. Albright,"Albright, Betty L."
Jerry,Alston,L,Jerry L. Alston,"Alston, Jerry L."
Tommy,Burnette,U,Tommy U. Burnette,"Burnette, Tommy U."
Alan,O'Neal,',Alan '. O'Neal,"O'Neal, Alan '."
Christina,Morris,O,Christina O. Morris,"Morris, Christina O."
Dean,Lutz,U,Dean U. Lutz,"Lutz, Dean U."
Veronica,Callahan,A,Veronica A. Callahan,"Callahan, Veronica A."
Kelly,Conway,O,Kelly O. Conway,"Conway, Kelly O."
Marcus,Harvey,A,Marcus A. Harvey,"Harvey, Marcus A."
Carrie,Watson,A,Carrie A. Watson,"Watson, Carrie A."
George,Glover,L,George L. Glover,"Glover, George L."
Nina,Savage,A,Nina A. Savage,"Savage, Nina A."
Paige,Henson,E,Paige E. Henson,"Henson, Paige E."
Jay,Wang,A,Jay A. Wang,"Wang, Jay A."
Sue,Ellis,L,Sue L. Ellis,"Ellis, Sue L."
Brenda,Barbour,A,Brenda A. Barbour,"Barbour, Brenda A."
Joshua,Sherrill,H,Joshua H. Sherrill,"Sherrill, Joshua H."
Nelson,Pierce,I,Nelson I. Pierce,"Pierce, Nelson I."
Vincent,Woodward,O,Vincent O. Woodward,"Woodward, Vincent O."
Nicholas,Godfrey,O,Nicholas O. Godfrey,"Godfrey, Nicholas O."
Hannah,Langston,A,Hannah A. Langston,"Langston, Hannah A."
Alice,Eaton,A,Alice A. Eaton,"Eaton, Alice A."
Elisabeth,Lowe,O,Elisabeth O. Lowe,"Lowe, Elisabeth O."
Matthew,Stanton,T,Matthew T. Stanton,"Stanton, Matthew T."
Thomas,Fuller,U,Thomas U. Fuller,"Fuller, Thomas U."
Benjamin,Simmons,I,Benjamin I. Simmons,"Simmons, Benjamin I."
Kristine,Schultz,C,Kristine C. Schultz,"Schultz, Kristine C."
Jordan,Knight,N,Jordan N. Knight,"Knight, Jordan N."
Guy,Klein,L,Guy L. Klein,"Klein, Guy L."
Terry,Garcia,A,Terry A. Garcia,"Garcia, Terry A."
Floyd,Schroeder,C,Floyd C. Schroeder,"Schroeder, Floyd C."
Russell,Hess,E,Russell E. Hess,"Hess, Russell E."
Marsha,Gold,O,Marsha O. Gold,"Gold, Marsha O."
Kim,Hensley,E,Kim E. Hensley,"Hensley, Kim E."
Virginia,Turner,U,Virginia U. Turner,"Turner, Virginia U."
Deborah,French,R,Deborah R. French,"French, Deborah R."
Peter,Hughes,U,Peter U. Hughes,"Hughes, Peter U."
Bernard,Pate,A,Bernard A. Pate,"Pate, Bernard A."
Harold,Burnett,U,Harold U. Burnett,"Burnett, Harold U."
Gretchen,Francis,R,Gretchen R. Francis,"Francis, Gretchen R."
Cheryl,Horn,O,Cheryl O. Horn,"Horn, Cheryl O."
Audrey,Forrest,O,Audrey O. Forrest,"Forrest, Audrey O."
Alan,Levin,E,Alan E. Levin,"Levin, Alan E."
Wayne,Weiner,E,Wayne E. Weiner,"Weiner, Wayne E."
Nancy,Durham,U,Nancy U. Durham,"Durham, Nancy U."
Peter,Guthrie,U,Peter U. Guthrie,"Guthrie, Peter U."
Benjamin,Hensley,E,Benjamin E. Hensley,"Hensley, Benjamin E."
Derek,Freedman,R,Derek R. Freedman,"Freedman, Derek R."
Marlene,Wiggins,I,Marlene I. Wiggins,"Wiggins, Marlene I."
Clara,Best,E,Clara E. Best,"Best, Clara E."
Ashley,Beatty,E,Ashley E. Beatty,"Beatty, Ashley E."
Kara,Crawford,R,Kara R. Crawford,"Crawford, Kara R."
Kristin,Drake,R,Kristin R. Drake,"Drake, Kristin R."
Edwin,Curtis,U,Edwin U. Curtis,"Curtis, Edwin U."
Molly,Walter,A,Molly A. Walter,"Walter, Molly A."
Marshall,Dunlap,U,Marshall U. Dunlap,"Dunlap, Marshall U."
Elaine,Jenkins,E,Elaine E. Jenkins,"Jenkins, Elaine E."
Victor,Hood,O,Victor O. Hood,"Hood, Victor O."
Tonya,Ellis,L,Tonya L. Ellis,"Ellis, Tonya L."
Cecil,Jiang,I,Cecil I. Jiang,"Jiang, Cecil I."
Melissa,Johnson,O,Melissa O. Johnson,"Johnson, Melissa O."
Christina,Craig,R,Christina R. Craig,"Craig, Christina R."
Allison,Norman,O,Allison O. Norman,"Norman, Allison O."
Gretchen,McIntyre,C,Gretchen C. McIntyre,"McIntyre, Gretchen C."
Bonnie,Brantley,R,Bonnie R. Brantley,"Brantley, Bonnie R."
George,Kelley,E,George E. Kelley,"Kelley, George E."
Barbara,Smith,M,Barbara M. Smith,"Smith, Barbara M."
Evelyn,Lyons,Y,Evelyn Y. Lyons,"Lyons, Evelyn Y."
Rita,Wall,A,Rita A. Wall,"Wall, Rita A."
Dan,Quinn,U,Dan U. Quinn,"Quinn, Dan U."
Juan,Hicks,I,Juan I. Hicks,"Hicks, Juan I."
Jesse,Garrison,A,Jesse A. Garrison,"Garrison, Jesse A."
Ronnie,Watts,A,Ronnie A. Watts,"Watts, Ronnie A."10
Hilda,Dickerson,I,Hilda I. Dickerson,"Dickerson, Hilda I."
Stephen,Waller,A,Stephen A. Waller,"Waller, Stephen A."
Lorraine,Carter,A,Lorraine A. Carter,"Carter, Lorraine A."
Chris,Robinson,O,Chris O. Robinson,"Robinson, Chris O."
Katie,Katz,A,Katie A. Katz,"Katz, Katie A."
Richard,Hull,U,Richard U. Hull,"Hull, Richard U."
Steve,Bowling,O,Steve O. Bowling,"Bowling, Steve O."
